,NodeEvalStreamOffset,6nx{3..300000}
,NodeCounter,6nx{3..300000}
Â‚,NodeGtInlined,6nx{3..300000}
l,NodeSub,6nx{3..300000}
Âƒ,NodeLtInlined,6nx{3..300000}
n,NodeAnd,6nx{3..300000}
,NodeInput,0
Â±,NodeFIFO,0
Â²,NodeFIFO,2nx{3..300000}
7,NodeStreamOffset,3nx{3..300000}
,NodeInput,0
Â³,NodeFIFO,0
Â´,NodeFIFO,2nx{3..300000}
8,NodeStreamOffset,3nx{3..300000}
9,NodeMul,6nx{3..300000}
:,NodeStreamOffset,3nx{3..300000}
;,NodeStreamOffset,3nx{3..300000}
<,NodeMul,6nx{3..300000}
=,NodeAdd,6nx{3..300000}
?,NodeMul,6nx{3..300000}
@,NodeStreamOffset,3nx{3..300000}
A,NodeStreamOffset,3nx{3..300000}
B,NodeMul,6nx{3..300000}
C,NodeStreamOffset,3nx{3..300000}
D,NodeStreamOffset,3nx{3..300000}
E,NodeMul,6nx{3..300000}
F,NodeAdd,6nx{3..300000}
H,NodeMul,6nx{3..300000}
I,NodeSub,6nx{3..300000}
J,NodeStreamOffset,3nx{3..300000}
K,NodeStreamOffset,3nx{3..300000}
L,NodeMul,6nx{3..300000}
M,NodeStreamOffset,3nx{3..300000}
N,NodeStreamOffset,3nx{3..300000}
O,NodeMul,6nx{3..300000}
P,NodeAdd,6nx{3..300000}
R,NodeMul,6nx{3..300000}
S,NodeAdd,6nx{3..300000}
,NodeStreamOffset,3nx{3..300000}
,NodeStreamOffset,3nx{3..300000}
T,NodeMul,6nx{3..300000}
V,NodeMul,6nx{3..300000}
W,NodeSub,6nx{3..300000}
Âµ,NodeFIFO,3nx{3..300000}
Â¶,NodeFIFO,3nx{3..300000}
,NodeMul,4nx{3..300000}
Â·,NodeFIFO,4nx{3..300000}
,NodeStreamOffset,0
,NodeStreamOffset,0
,NodeMul,6nx{3..300000}
,NodeAdd,6nx{3..300000}
,NodeMul,6nx{3..300000}
,NodeStreamOffset,4nx{3..300000}
 ,NodeStreamOffset,4nx{3..300000}
!,NodeMul,5nx{3..300000}
",NodeStreamOffset,0
#,NodeStreamOffset,0
$,NodeMul,5nx{3..300000}
%,NodeAdd,5nx{3..300000}
',NodeMul,5nx{3..300000}
Â¸,NodeFIFO,5nx{3..300000}
(,NodeSub,6nx{3..300000}
),NodeStreamOffset,4nx{3..300000}
*,NodeStreamOffset,4nx{3..300000}
+,NodeMul,6nx{3..300000}
,,NodeStreamOffset,2nx{3..300000}
-,NodeStreamOffset,2nx{3..300000}
.,NodeMul,6nx{3..300000}
/,NodeAdd,6nx{3..300000}
1,NodeMul,6nx{3..300000}
2,NodeAdd,6nx{3..300000}
5,NodeMul,6nx{3..300000}
6,NodeSub,6nx{3..300000}
X,NodeAdd,6nx{3..300000}
Y,NodeMul,6nx{3..300000}
	,NodeInput,6nx{3..300000}
Z,NodeMul,6nx{3..300000}
[,NodeMul,6nx{3..300000}
\,NodeDiv,6nx{3..300000}
,NodeInput,6nx{3..300000}
],NodeMul,6nx{3..300000}
_,NodeSub,6nx{3..300000}
`,NodeMul,6nx{3..300000}
a,NodeAdd,6nx{3..300000}
c,NodeSub,6nx{3..300000}
,NodeInput,6nx{3..300000}
d,NodeMul,6nx{3..300000}
e,NodeSub,6nx{3..300000}
g,NodeAdd,6nx{3..300000}
h,NodeDiv,6nx{3..300000}
p,NodeMux,6nx{3..300000}
u,NodeOutput,6nx{3..300000}
x,NodeCounter,0
y,NodeStreamOffset,0
{,NodeOutputMappedReg,0
~,NodeCounter,0
Â„,NodeEqInlined,0
,NodeFlush,0
